Model,BLEU,ROUGE,METEOR,TOPSIS_Score,Rank
BERT,0.42,0.52,0.36,1.0,1.0
GPT-3,0.4,0.5,0.34,0.7499999999999999,2.0
XLNet,0.38,0.48,0.32,0.49999999999999983,4.0
T5,0.36,0.46,0.3,0.24999999999999964,5.0
CTRL,0.34,0.44,0.28,0.0,6.0
UniLM,0.39,0.49,0.35,0.7007937006731788,3.0
